tropical fruit,
whole milk,
pip fruit,
other vegetables,
rolls/buns,
pot plants,
oranges,
lemons,
limes,
beef,
frankfurter,
chicken,
butter,
juice,
packaged fruit/vegetables,
chocolate,
butter milk,
bottled water,
yogurt,
sausage,
brown bread,
hamburger meat,
root vegetables,
pork,
pastry,
canned beans,
canned beer,
berries,
coffee,
misc. beverages,
ham,
turkey,
curd cheese,
red/blush wine,
frozen potato products,
flour,
sugar,
frozen meals,
herbs,
soda,
detergent,
grapes,
processed cheese,
fish,
sparkling wine,
newspapers,
curd,
pasta,
popcorn,
finished products,
beverages,
bottled beer,
dessert,
chives,
asparagus,
jalape√±o,
scallions,
romaine lettuce,
dijon mustard,

dog food,
specialty chocolate,
condensed milk,
cleaner,
white wine,
meat,
ice cream,
hard cheese,
cream cheese,
liquor,
pickles,
candy,
onions,
hair spray,
photo/film,
domestic eggs,
margarine,
shopping bags,
salt,
oil,
whipped/sour cream,
frozen vegetables,
sliced cheese,
dish cleaner,
baking powder,
specialty cheese,
salty snack,
instant food products,
pet care,
whole wheat bread,
whole weat bagels,
white bread,
female hygiene products,
cling film/bags,
soap,
frozen chicken,
house keeping products,
spread cheese,
decalcifier,
frozen dessert,
vinegar,
nuts/prunes,
potato products,
frozen fish,
hygiene articles,
artif. sweetener,
light bulbs,
canned vegetables,
chewing gum,
canned fish,
cookware,
bread,
sourdough bread,
cat food,
dry food,
wet food,
bathroom cleaner,
prosecco,
liver loaf,
zwieback,
canned fruit,
frozen fruits,
brandy,
baby cosmetics,
spices,
napkins,
waffles,
bbq sauce,
rum,
baking soda,
protein powder,
oak milk,
almond milk,
low fat milk,
bags,
sweet spreads,
soups,
mustard,
specialty fat,
instant coffee,
snack products,
organic sausage,
soft cheese,
mayonnaise,
dental care,
kitchen towels,
flower soil/fertilizer,
cereals,
meat spreads,
dishes,
male cosmetics,
candles,
whisky,
tidbits,
cooking chocolate,
red wine,
wine,
abrasive cleaner,
window cleaner,
syrup,
ketchup,
cream,
skin care,
rubbing alcohol,
nut snack,
cocoa drinks,
softener,
organic products,
cake bar,
honey,
jam,
kitchen utensil,
rice,
tea,
salad dressing,
okra,
cucumber,
red pepper,
pudding powder,
ready soups,
make up remover,
toilet cleaner,
preservation products
garlic
soy saucespeas
mushrooms
vegetable broth
almonds,
amaranth,
anchovies,
apple tart,
applesauce,
apricots,
artichoke,
arugula,
avocado,
bacon,
banana,
silken bean curd,
black beans,
beets,
black cod,
blackberries,
black eyed beans,
blueberries,
bok choy,
boysenberries,
bran flakes,
broccoli,
broccoli rabe,
beef broth,
brussel sprouts,
buckwheat groat,
buttermilk,
cabbage,
cantaloupe,
carrots,
cashew nuts,
catfish,
cauliflower,
celery,
cheese,
cherries,
chickpeas,
chili,
chocolate syrup,
cilantro,
clementines,
cocktail sauce,
collard greens,
corn,
cottage cheese,
couscous,
crab,
crackers,
cranberries,
dates,
dill,
edamame,
eggplant parmesan,
eggs,
endive,
escarole,
espresso,
bread crumbs,
apple juice,
apple juice box,
apple sauce,
bagels,
baked beans,
basil,
bay leaves,
beef jerky,
black olives,
bologna,
bratwurst,
bugels,
burrito,
cake mix,
campell's soup,
cereal,
cheddar,
cheerios,
cheez whiz,
chicken nuggets,
chicken tenders,
chili powder,
chocolate chips,
chocolate malt-o-meal,
chocolate milk,
cod,
cooking spray,
corn tortilla,
crystal light,
dole pineapple,
doritos,
edame,
egg beaters,
eggplant,
fennel,
french fries,
goat cheese,
graham cracker,
grape jelly,
green beans,
green olives,
green pepper,
ground beef,
halibut,
hamburger helper,
hash browns,
hot dog,
kidney beans,
kraft dinner,
lays sour cream & onion chips,
lefse,
lima beans,
lime juice,
lipton iced tea (us),
lunchables,
m&m's,
marshmallow,
meatballs,
milk,
mozzarella,
muenster,
nabisco shredded wheat,
nutella,
oatmeal,
olive oil,
onion powder,
oregano,
oreos!,
ortega taco shells,
pancake mix,
peanut butter,
pears,
peas,
pepper,
pepperidge farm,
pepperoni,
pepsi,
pierogies,
pineapple,
pop tarts,
pork loin,
potatoes,
pumpkin,
pumpkin coffee creamer,
quinoa,
raisin bran,
raisins,
rasberry jam,
reese's peanut butter cups,
ricotta,
ritter sport marzipan dark chocolate,
ritz crackers,
rocky road,
root beer,
rotini,
salami,
salmon,
salsa,
sauerkraut,
sliced bread,
snapple,
sour cream,
soy milk,
spaghetti,
spam,
steak,
panko,
frozen pizza,
stovetop stuffing,
sweet potato,
tang,
taquitos,
tofu,
tomatoes,
triscuit,
tuna,
veggie pizza,
velveeta,
figs,
flaxseed,
frozen yogurt,
garlic,
ginger,
gingerbread,
grapefruit,
guacamole,
guava,
hazelnuts,
herring,
honeydew,
horseradish,
hot sauces,
hummus,
kale,
kiwi,
kohlrabi,
lemon,
lentils,
lettuce,
lychees,
mackerel,
mango,
millet,
mint,
mushrooms,
mustard greens,
natto,
nectarine,
octopus,
olives,
orange,
oysters rockefeller,
pancakes,
maple syrup,
sugar snap peas,
pecan,
peppers,
persimmon,
pita bread,
plum,
pork tenderloin,
sweet potatoes,
prunes,
radicchio,
rainbow trout,
raspberries,
rhubarb,
rice krispie treat,
rice cakes,
wild rice,
rutabaga,
sardines,
scallops,
seaweed,
sesame seeds,
shallots,
shrimp,
sole,
soy sauce,
spinach,
spaghetti squash,
summer squash,
butternut squash,
acorn squash,
steak on a stick,
a-1 steak sauce,
strawberries,
swiss chard,
tangerine,
tempeh,
tilapia,
tomato paste,
tomato sauce,
tortillas,
turkey breast,
turkey burgers,
turnip green,
turnip,
veggie burger,
walnuts,
watercress,
watermelon,
wheat berries,
zucchini,
zucchini flowers,
zucchini bread,